{
    "schema_name": "mmschema_trajectory",
    "schema_version": 1,
    "timestep": 0.1,
    "timestep_units": "fs",
    "natoms": 20,
    "nframes": 3,
    "ndim": 2,
    "geometry": [
        0.9844472923991733,
        0.3712292054213824,
        0.8817284502225798,
        0.1291414369429965,
        0.19130639097683777,
        0.39743635972985036,
        0.6632345111163963,
        0.5900344470699896,
        0.5027425806249557,
        0.5804382559834117,
        0.050780112356476614,
        0.7390086056852827,
        0.6754583955703046,
        0.527086881184041,
        0.259406037457379,
        0.3116511213283638,
        0.5929166747528607,
        0.13106523066379439,
        0.7558002891604017,
        0.48585482406982117,
        0.10371252707439782,
        0.3694145901628101,
        0.8304261966994623,
        0.12031559858876328,
        0.7237631835274311,
        0.3503782865084779,
        0.3354346499919679,
        0.7357586252719714,
        0.13660917857509025,
        0.94131768295639,
        0.7225910552384425,
        0.2531575820604829,
        0.890181253341325,
        0.6151538940499558,
        0.6387539284720907,
        0.513057760198977,
        0.32361336728196843,
        0.4798541010915037,
        0.45924338230113404,
        0.24638094918066056,
        0.2564474577399074,
        0.9281567182962066,
        0.9796519376639671,
        0.9486537976651841,
        0.7189515920923624,
        0.8724022161242347,
        0.5994736879797182,
        0.8786771779910821,
        0.5435215998663357,
        0.16134586332306278,
        0.21213603751417276,
        0.38147010286557625,
        0.969867142479918,
        0.5248706573658124,
        0.7252045919605925,
        0.5806831262788504,
        0.8216465899947318,
        0.2442738641165585,
        0.8784529887341447,
        0.44656223417311036,
        0.07796638155591351,
        0.10178360868792125,
        0.31889390703548426,
        0.9593016636496422,
        0.48190117455450143,
        0.9330993081437041,
        0.35844536727071563,
        0.9408942172551327,
        0.9190643567774776,
        0.40916510059301936,
        0.18601593918508297,
        0.049675416827126506,
        0.6577224291850355,
        0.2223846381199005,
        0.6488468646327069,
        0.99073709914746,
        0.9886407408480773,
        0.23703933676572908,
        0.713150606423108,
        0.11839445352543465,
        0.09345165718148418,
        0.10915149097288868,
        0.8868369726275643,
        0.9896093908820485,
        0.8126236474693476,
        0.08910730909983,
        0.586960889637902,
        0.09151602881902432,
        0.5330417086552651,
        0.8543527379424779,
        0.32596915003005944,
        0.3062472042375247,
        0.6539844989212945,
        0.8152655452759385,
        0.11328449936314289,
        0.19485437876646805,
        0.39637506857705884,
        0.9621490612387956,
        0.24102515675216618,
        0.5223094225287165,
        0.25846982057456325,
        0.8280301451635141,
        0.8666391884291211,
        0.3419367265125417,
        0.9674726715048707,
        0.6997427292457946,
        0.910901865942017,
        0.31521554913284233,
        0.23698214540510276,
        0.4005397773404362,
        0.14818493753920126,
        0.288951425632466,
        0.8829620987118334,
        0.027411167565077443,
        0.09692320060281656,
        0.09194808740437155,
        0.7476201906026861,
        0.11718879998489251,
        0.5901667820652037,
        0.22723131899292515
    ],
    "geometry_units": "angstrom",
    "velocities": [
        0.42431133626520123,
        0.4993868905730472,
        0.5464765558161063,
        0.10036938669384621,
        0.4860280810143217,
        0.6712348550655962,
        0.2006306060222589,
        0.912332821170443,
        0.7414325258938542,
        0.31959494573411606,
        0.5805324442085905,
        0.2749363739175663,
        0.555189125513583,
        0.7066638984374769,
        0.891544493989558,
        0.03871366504763274,
        0.41179125055653465,
        0.24115083316976493,
        0.07331768720910314,
        0.9320022997475134,
        0.29572329071109626,
        0.33265787676372127,
        0.9988733096489446,
        0.08413628540236529,
        0.42566001223375305,
        0.7734323742725218,
        0.4505624760422381,
        0.8866869211861315,
        0.8921681021918382,
        0.6109140777224972,
        0.2968715426008022,
        0.024267537405758266,
        0.08447999898238889,
        0.4468475018192234,
        0.20290833362629446,
        0.2037571632245332,
        0.5388133202286833,
        0.8033666967617648,
        0.09577792082556824,
        0.4838866846661548,
        0.25917324809357845,
        0.8956162187528461,
        0.5922274208034953,
        0.5533192735997515,
        0.6196329550764244,
        0.28733779353261935,
        0.8040343921956588,
        0.31854736164788466,
        0.5873514190326774,
        0.1901667128087967,
        0.6858290863243672,
        0.0172860936106356,
        0.9442917217992797,
        0.41259247949650635,
        0.801060033096384,
        0.32838388149826225,
        0.15354382213074336,
        0.5947645646557055,
        0.4869516211444145,
        0.6152484757125536,
        0.862844292183249,
        0.4665254549817788,
        0.9886595333362984,
        0.7844809501314168,
        0.6202748594906516,
        0.5272187966218715,
        0.7549291657615781,
        0.5656184505482287,
        0.5015463861695075,
        0.9781915398620997,
        0.36811891188585777,
        0.05172586673444146,
        0.8954915298841568,
        0.6362202441923998,
        0.7050327610358945,
        0.6244811804536398,
        0.36223291462361573,
        0.32403077738358355,
        0.46450792893273196,
        0.011085590397584166,
        0.5813467916903475,
        0.8870815361631028,
        0.4121378756879419,
        0.22509117953368363,
        0.7379685643533411,
        0.6815462586038542,
        0.4023630443867806,
        0.765531015866684,
        0.4297802001593579,
        0.22895216614093128,
        0.9418831409329464,
        0.008467552053838645,
        0.4075130019696489,
        0.4914836889425226,
        0.6636827001941236,
        0.18404837388327866,
        0.5215049564354234,
        0.874949425647733,
        0.6733976138527942,
        0.523657159087766,
        0.8110233617369033,
        0.4878250952560217,
        0.021310225164080543,
        0.11196164752345572,
        0.4957318586816375,
        0.1499080719100453,
        0.7027794254254871,
        0.9312620511742863,
        0.11018262035248838,
        0.9270251823967219,
        0.010416401079948012,
        0.8812798822149757,
        0.5859351412203504,
        0.839863407401352,
        0.3687758497073518,
        0.1770683446004584,
        0.5485828965291031,
        0.07356968862390956,
        0.8598525739139821,
        0.3483564324029641
    ],
    "velocities_units": "angstrom/fs",